Priority,Reference,Source Location,Destination Location,Contact,Scheduled Date,Effective Date,Source Document,Batch Transfer,Status
,WH/IN/00002,Partners/Puregold Supermarket,WH/Stock,Puregold Supermarket,01/24/2025,01/22/2025,P000001,,Done
,WH/IN/00003,Partners/San Miguel Purefoods,WH/Stock,San Miguel Purefoods,02/17/2025,02/19/2025,P000002,,Done
,WH/IN/00004,Partners/Monde Nissin Corp.,WH/Stock,Monde Nissin Corp.,02/11/2025,02/08/2025,P000003,,Done
,WH/IN/00005,Partners/Nestlé Philippines,WH/Stock,Nestlé Philippines,02/26/2025,02/23/2025,P000004,,Done
,WH/IN/00006,Partners/San Miguel Purefoods,WH/Stock,San Miguel Purefoods,03/01/2025,03/13/2025,P000005,,Done
,WH/IN/00007,Partners/Universal Robina Corp.,WH/Stock,Universal Robina Corp.,03/15/2025,03/23/2025,P000006,,Done
,WH/IN/00008,Partners/M.Y. San Corp.,WH/Stock,M.Y. San Corp.,03/03/2025,03/13/2025,P000007,,Done
,WH/IN/00009,Partners/San Miguel Purefoods,WH/Stock,San Miguel Purefoods,03/13/2025,03/09/2025,P000008,,Done
,WH/IN/00010,Partners/Monde Nissin Corp.,WH/Stock,Monde Nissin Corp.,03/14/2025,03/21/2025,P000009,,Done
,WH/IN/00011,Partners/Rebisco,WH/Stock,Rebisco,03/25/2025,03/22/2025,P000010,,Done
,WH/IN/00012,Partners/M.Y. San Corp.,WH/Stock,M.Y. San Corp.,03/26/2025,03/25/2025,P000011,,Done
,WH/IN/00013,Partners/Monde Nissin Corp.,WH/Stock,Monde Nissin Corp.,04/04/2025,04/03/2025,P000012,,Done
,WH/IN/00014,Partners/Universal Robina Corp.,WH/Stock,Universal Robina Corp.,04/17/2025,04/21/2025,P000013,,Done
,WH/IN/00015,Partners/San Miguel Purefoods,WH/Stock,San Miguel Purefoods,04/12/2025,04/08/2025,P000014,,Done
,WH/IN/00016,Partners/Century Pacific Group,WH/Stock,Century Pacific Group,04/11/2025,04/16/2025,P000015,,Done
,WH/IN/00017,Partners/Puregold Supermarket,WH/Stock,Puregold Supermarket,04/04/2025,03/31/2025,P000016,,Done
,WH/IN/00018,Partners/Puregold Supermarket,WH/Stock,Puregold Supermarket,03/28/2025,04/05/2025,P000017,,Done
,WH/IN/00019,Partners/Rebisco,WH/Stock,Rebisco,05/16/2025,05/11/2025,P000018,,Done
,WH/IN/00020,Partners/Rebisco,WH/Stock,Rebisco,05/11/2025,05/13/2025,P000019,,Done
,WH/IN/00021,Partners/M.Y. San Corp.,WH/Stock,M.Y. San Corp.,05/17/2025,05/17/2025,P000020,,Done
,WH/IN/00022,Partners/Century Pacific Group,WH/Stock,Century Pacific Group,05/29/2025,05/29/2025,P000021,,Done
,WH/IN/00023,Partners/Century Pacific Group,WH/Stock,Century Pacific Group,05/30/2025,05/28/2025,P000022,,Done
,WH/IN/00024,Partners/Monde Nissin Corp.,WH/Stock,Monde Nissin Corp.,06/01/2025,05/28/2025,P000023,,Done
,WH/IN/00025,Partners/Rebisco,WH/Stock,Rebisco,06/02/2025,06/09/2025,P000024,,Done
,WH/IN/00026,Partners/Nestlé Philippines,WH/Stock,Nestlé Philippines,06/22/2025,06/22/2025,P000025,,Done
,WH/IN/00027,Partners/Rebisco,WH/Stock,Rebisco,06/21/2025,06/28/2025,P000026,,Done
,WH/IN/00028,Partners/M.Y. San Corp.,WH/Stock,M.Y. San Corp.,07/07/2025,07/05/2025,P000027,,Done
,WH/IN/00029,Partners/San Miguel Purefoods,WH/Stock,San Miguel Purefoods,07/09/2025,07/11/2025,P000028,,Done
,WH/IN/00030,Partners/Nestlé Philippines,WH/Stock,Nestlé Philippines,07/08/2025,07/14/2025,P000029,,Done
,WH/IN/00031,Partners/Universal Robina Corp.,WH/Stock,Universal Robina Corp.,07/26/2025,08/08/2025,P000030,,Done
,WH/IN/00032,Partners/Monde Nissin Corp.,WH/Stock,Monde Nissin Corp.,07/15/2025,07/12/2025,P000031,,Done
,WH/IN/00033,Partners/M.Y. San Corp.,WH/Stock,M.Y. San Corp.,07/13/2025,07/23/2025,P000032,,Done
,WH/IN/00034,Partners/M.Y. San Corp.,WH/Stock,M.Y. San Corp.,07/19/2025,07/15/2025,P000033,,Done
,WH/IN/00035,Partners/Monde Nissin Corp.,WH/Stock,Monde Nissin Corp.,07/26/2025,07/25/2025,P000034,,Done
,WH/IN/00036,Partners/Rebisco,WH/Stock,Rebisco,08/04/2025,08/03/2025,P000035,,Done
,WH/IN/00037,Partners/Rebisco,WH/Stock,Rebisco,08/13/2025,08/15/2025,P000036,,Done
,WH/IN/00038,Partners/Monde Nissin Corp.,WH/Stock,Monde Nissin Corp.,08/09/2025,08/06/2025,P000037,,Done
,WH/IN/00039,Partners/Nestlé Philippines,WH/Stock,Nestlé Philippines,08/16/2025,08/11/2025,P000038,,Done
,WH/IN/00040,Partners/Monde Nissin Corp.,WH/Stock,Monde Nissin Corp.,08/18/2025,08/18/2025,P000039,,Done
,WH/IN/00041,Partners/Puregold Supermarket,WH/Stock,Puregold Supermarket,08/03/2025,08/02/2025,P000040,,Done
,WH/IN/00042,Partners/Puregold Supermarket,WH/Stock,Puregold Supermarket,08/12/2025,08/11/2025,P000041,,Done
,WH/IN/00043,Partners/Universal Robina Corp.,WH/Stock,Universal Robina Corp.,09/18/2025,09/14/2025,P000042,,Done
,WH/IN/00044,Partners/Century Pacific Group,WH/Stock,Century Pacific Group,09/16/2025,09/11/2025,P000043,,Done
,WH/IN/00045,Partners/Rebisco,WH/Stock,Rebisco,09/14/2025,09/09/2025,P000044,,Done
,WH/IN/00046,Partners/M.Y. San Corp.,WH/Stock,M.Y. San Corp.,09/17/2025,09/13/2025,P000045,,Done
,WH/IN/00047,Partners/San Miguel Purefoods,WH/Stock,San Miguel Purefoods,09/28/2025,10/07/2025,P000046,,Done
,WH/IN/00048,Partners/Nestlé Philippines,WH/Stock,Nestlé Philippines,09/28/2025,09/28/2025,P000047,,Done
,WH/IN/00049,Partners/Rebisco,WH/Stock,Rebisco,09/27/2025,09/22/2025,P000048,,Done
,WH/IN/00050,Partners/Puregold Supermarket,WH/Stock,Puregold Supermarket,09/05/2025,09/04/2025,P000049,,Done
,WH/IN/00051,Partners/Century Pacific Group,WH/Stock,Century Pacific Group,10/17/2025,10/26/2025,P000050,,Done
,WH/IN/00052,Partners/Century Pacific Group,WH/Stock,Century Pacific Group,10/14/2025,10/23/2025,P000051,,Done
,WH/IN/00053,Partners/Rebisco,WH/Stock,Rebisco,10/15/2025,10/22/2025,P000052,,Done
,WH/IN/00054,Partners/Nestlé Philippines,WH/Stock,Nestlé Philippines,10/18/2025,10/13/2025,P000053,,Done
,WH/IN/00055,Partners/M.Y. San Corp.,WH/Stock,M.Y. San Corp.,10/25/2025,10/21/2025,P000054,,Done
,WH/IN/00056,Partners/Universal Robina Corp.,WH/Stock,Universal Robina Corp.,10/30/2025,11/09/2025,P000055,,Done
,WH/IN/00057,Partners/Nestlé Philippines,WH/Stock,Nestlé Philippines,10/25/2025,10/25/2025,P000056,,Done
,WH/IN/00058,Partners/Rebisco,WH/Stock,Rebisco,11/05/2025,11/04/2025,P000057,,Done
,WH/IN/00059,Partners/M.Y. San Corp.,WH/Stock,M.Y. San Corp.,11/10/2025,11/09/2025,P000058,,Done
,WH/IN/00060,Partners/Nestlé Philippines,WH/Stock,Nestlé Philippines,11/18/2025,11/25/2025,P000059,,Done
,WH/IN/00061,Partners/Puregold Supermarket,WH/Stock,Puregold Supermarket,10/25/2025,10/25/2025,P000060,,Done
,WH/IN/00062,Partners/Rebisco,WH/Stock,Rebisco,12/05/2025,12/03/2025,P000061,,Done
,WH/IN/00063,Partners/San Miguel Purefoods,WH/Stock,San Miguel Purefoods,12/06/2025,12/06/2025,P000062,,Done
,WH/IN/00064,Partners/Rebisco,WH/Stock,Rebisco,12/01/2025,11/26/2025,P000063,,Done
,WH/IN/00065,Partners/Puregold Supermarket,WH/Stock,Puregold Supermarket,11/27/2025,11/22/2025,P000064,,Done
,WH/IN/00066,Partners/Puregold Supermarket,WH/Stock,Puregold Supermarket,11/30/2025,11/30/2025,P000065,,Done
,WH/IN/00067,Partners/San Miguel Purefoods,WH/Stock,San Miguel Purefoods,12/22/2025,12/17/2025,P000066,,Done
,WH/IN/00068,Partners/Rebisco,WH/Stock,Rebisco,01/05/2026,01/01/2026,P000067,,Done
,WH/IN/00069,Partners/Nestlé Philippines,WH/Stock,Nestlé Philippines,12/27/2025,12/27/2025,P000068,,Done
,WH/IN/00070,Partners/Nestlé Philippines,WH/Stock,Nestlé Philippines,12/31/2025,12/27/2025,P000069,,Done
,WH/IN/00071,Partners/Nestlé Philippines,WH/Stock,Nestlé Philippines,01/19/2026,01/22/2026,P000070,,Done
,WH/IN/00072,Partners/Nestlé Philippines,WH/Stock,Nestlé Philippines,01/13/2026,01/09/2026,P000071,,Done
,WH/IN/00073,Partners/M.Y. San Corp.,WH/Stock,M.Y. San Corp.,01/17/2026,01/16/2026,P000072,,Done
,WH/IN/00074,Partners/M.Y. San Corp.,WH/Stock,M.Y. San Corp.,01/21/2026,01/17/2026,P000073,,Done
,WH/IN/00075,Partners/Puregold Supermarket,WH/Stock,Puregold Supermarket,01/04/2026,12/30/2025,P000074,,Done
,WH/IN/00076,Partners/Puregold Supermarket,WH/Stock,Puregold Supermarket,01/11/2026,01/11/2026,P000075,,Done
,WH/IN/00077,Partners/Nestlé Philippines,WH/Stock,Nestlé Philippines,01/27/2026,01/27/2026,P000076,,Done
,WH/IN/00078,Partners/Puregold Supermarket,WH/Stock,Puregold Supermarket,01/24/2026,01/24/2026,P000077,,Done
,WH/IN/00079,Partners/Universal Robina Corp.,WH/Stock,Universal Robina Corp.,02/19/2026,02/16/2026,P000078,,Done
,WH/IN/00080,Partners/M.Y. San Corp.,WH/Stock,M.Y. San Corp.,02/11/2026,02/24/2026,P000079,,Done
,WH/IN/00081,Partners/Monde Nissin Corp.,WH/Stock,Monde Nissin Corp.,02/12/2026,02/12/2026,P000080,,Done
,WH/IN/00082,Partners/Puregold Supermarket,WH/Stock,Puregold Supermarket,02/09/2026,02/04/2026,P000081,,Done
,WH/IN/00083,Partners/San Miguel Purefoods,WH/Stock,San Miguel Purefoods,03/06/2026,03/02/2026,P000082,,Done
,WH/IN/00084,Partners/Universal Robina Corp.,WH/Stock,Universal Robina Corp.,03/03/2026,03/03/2026,P000083,,Done
,WH/IN/00085,Partners/Nestlé Philippines,WH/Stock,Nestlé Philippines,03/17/2026,03/14/2026,P000084,,Done
,WH/IN/00086,Partners/Monde Nissin Corp.,WH/Stock,Monde Nissin Corp.,03/10/2026,03/07/2026,P000085,,Done
,WH/IN/00087,Partners/Nestlé Philippines,WH/Stock,Nestlé Philippines,03/07/2026,03/05/2026,P000086,,Done
,WH/IN/00088,Partners/Century Pacific Group,WH/Stock,Century Pacific Group,03/26/2026,03/28/2026,P000087,,Done
,WH/IN/00089,Partners/Puregold Supermarket,WH/Stock,Puregold Supermarket,03/05/2026,03/01/2026,P000088,,Done
,WH/IN/00090,Partners/Puregold Supermarket,WH/Stock,Puregold Supermarket,03/10/2026,03/06/2026,P000089,,Done
,WH/IN/00091,Partners/Universal Robina Corp.,WH/Stock,Universal Robina Corp.,04/09/2026,04/19/2026,P000090,,Done
,WH/IN/00092,Partners/Rebisco,WH/Stock,Rebisco,04/12/2026,04/11/2026,P000091,,Done
,WH/IN/00093,Partners/Monde Nissin Corp.,WH/Stock,Monde Nissin Corp.,04/09/2026,04/19/2026,P000092,,Done
,WH/IN/00094,Partners/Nestlé Philippines,WH/Stock,Nestlé Philippines,04/04/2026,04/03/2026,P000093,,Done
,WH/IN/00095,Partners/San Miguel Purefoods,WH/Stock,San Miguel Purefoods,04/15/2026,04/13/2026,P000094,,Done
,WH/IN/00096,Partners/Monde Nissin Corp.,WH/Stock,Monde Nissin Corp.,04/19/2026,04/19/2026,P000095,,Done
,WH/IN/00097,Partners/Rebisco,WH/Stock,Rebisco,04/25/2026,04/23/2026,P000096,,Done
,WH/IN/00098,Partners/M.Y. San Corp.,WH/Stock,M.Y. San Corp.,04/20/2026,04/30/2026,P000097,,Done
,WH/IN/00099,Partners/Century Pacific Group,WH/Stock,Century Pacific Group,05/15/2026,05/10/2026,P000098,,Done
,WH/IN/00100,Partners/Puregold Supermarket,WH/Stock,Puregold Supermarket,04/16/2026,04/15/2026,P000099,,Done
,WH/IN/00101,Partners/M.Y. San Corp.,WH/Stock,M.Y. San Corp.,05/10/2026,05/06/2026,P000100,,Done
,WH/IN/00102,Partners/Puregold Supermarket,WH/Stock,Puregold Supermarket,05/01/2026,04/26/2026,P000101,,Done
,WH/IN/00103,Partners/Rebisco,WH/Stock,Rebisco,05/22/2026,05/18/2026,P000102,,Done
,WH/IN/00104,Partners/Nestlé Philippines,WH/Stock,Nestlé Philippines,05/20/2026,05/17/2026,P000103,,Done
,WH/IN/00105,Partners/Universal Robina Corp.,WH/Stock,Universal Robina Corp.,06/06/2026,06/17/2026,P000104,,Done
,WH/IN/00106,Partners/Puregold Supermarket,WH/Stock,Puregold Supermarket,05/13/2026,05/08/2026,P000105,,Done
,WH/IN/00107,Partners/Rebisco,WH/Stock,Rebisco,06/03/2026,06/03/2026,P000106,,Done
,WH/IN/00108,Partners/M.Y. San Corp.,WH/Stock,M.Y. San Corp.,06/05/2026,06/02/2026,P000107,,Done
,WH/IN/00109,Partners/Monde Nissin Corp.,WH/Stock,Monde Nissin Corp.,06/02/2026,06/02/2026,P000108,,Done
,WH/IN/00110,Partners/Puregold Supermarket,WH/Stock,Puregold Supermarket,05/24/2026,05/24/2026,P000109,,Done
,WH/IN/00111,Partners/Nestlé Philippines,WH/Stock,Nestlé Philippines,06/23/2026,06/18/2026,P000110,,Done
,WH/IN/00112,Partners/M.Y. San Corp.,WH/Stock,M.Y. San Corp.,06/22/2026,06/21/2026,P000111,,Done
,WH/IN/00113,Partners/Puregold Supermarket,WH/Stock,Puregold Supermarket,06/11/2026,06/11/2026,P000112,,Done
,WH/IN/00114,Partners/Nestlé Philippines,WH/Stock,Nestlé Philippines,07/08/2026,07/04/2026,P000113,,Done
,WH/IN/00115,Partners/Puregold Supermarket,WH/Stock,Puregold Supermarket,06/22/2026,06/21/2026,P000114,,Done
,WH/IN/00116,Partners/Universal Robina Corp.,WH/Stock,Universal Robina Corp.,07/23/2026,07/19/2026,P000115,,Done
,WH/IN/00117,Partners/Nestlé Philippines,WH/Stock,Nestlé Philippines,07/21/2026,08/02/2026,P000116,,Done
,WH/IN/00118,Partners/M.Y. San Corp.,WH/Stock,M.Y. San Corp.,07/30/2026,07/30/2026,P000117,,Done
,WH/IN/00119,Partners/Puregold Supermarket,WH/Stock,Puregold Supermarket,07/10/2026,07/08/2026,P000118,,Done
,WH/IN/00120,Partners/Monde Nissin Corp.,WH/Stock,Monde Nissin Corp.,07/25/2026,07/23/2026,P000119,,Done